Text, Accurate Emojis, Suitable Emojis
"Yay...thunderstorm = hail cannon time ğŸ˜•", T, 0 0 1 0
"Can we have a standing ovation please for the outside influence. â˜ºï¸", F, 0 1 0 0
"You keep them close to see what they're up to...ğŸ˜¬ğŸ™Š", T, 0 1 0 0
"keep the peace and love the planet bruhâœŒï¸", T, 0 0 0 0
"8-4 on a sunday looking forward to this so much ğŸ˜’", T, 0 0 1 0
"NO SWEAT PANTS ALLOWED - WINE CLUB â™¥ â€¦ ğŸŒº", T, 1 0 0 0
"When I am upset or frustrated my remarks become 1,ooo,ooo,ooo x's more aggressive ğŸ˜’", T, 0 0 1 0
"I had 4 slices of pizza today!! ğŸ˜ŠğŸ˜ŠğŸ˜Š", T, 1 0 0 0
"I love when people post controversial articles from unreliable sources ğŸ˜…ğŸ˜’ğŸ‘ğŸ¼", T, 0 0 1 0
"so there is still a chance for the chuck wagon right ğŸ˜‚", T, 1 0 0 0
"Really? Wow didn't know it was raining in LA from all the Tweets, Instagram photos, snapchats, etc â˜”ï¸", T, 0 0 0 0
"I have no aversions to having kids someday ğŸ˜‚ğŸ˜‚ğŸ˜‚", T, 1 0 0 0
"I'm so glad I pay Â£33.90 a week to use what with the windows letting in rain, well worth it ğŸ˜ğŸŒ‚â˜”ï¸", T, 0 0 1 0
"Vodka mixes well with everything, except DECISIONS ğŸ˜œ", T, 1 0 1 0
"Cherry on top of an amazing night ğŸ˜Š", T, 1 0 0 0
"I never know u r taeyeon fan let me hug u ğŸ˜™ğŸ˜™ğŸ˜™", T, 1 0 0 0
"reality.!! Agreed ! But fan off kar kay on karna b bhol jatay hain. And that is reality too . ğŸ˜‰", T, 0 0 0 0
"4 am and it's time to get ready for work and it's still drizzling outside! ğŸ˜¡ today should be interesting. I love working in mud!", T, 0 1 0 1
"should really go to sleep love catching the bus to school in the morning ğŸ˜ğŸ˜£ğŸ˜´", F, 0 0 1 1
"thank you for ruining my day everyday ğŸ˜ƒ", F, 0 0 1 1
"That's what I love to do n do on Twitter ğŸ˜ŠğŸ˜œğŸ˜‚.. Actually, I can't tolerate false criticism on boys ğŸ˜†ğŸ˜œ", F, 0 1 0 0
"He should have bought a bigger flag ğŸ˜ğŸ˜ˆ", T, 1 0 0 0
"maybe should have added an emoji or to the original tweetğŸ˜Š", T, 1 0 0 0
"When people leave gifts for me at work.....ğŸ˜³ğŸ”«", F, 0 1 0 0
"Wow it's good to be back at work ğŸ˜ğŸ‘ğŸ¼", F, 0 1 1 0
"I see clouds , does it mean rain ? ğŸ˜‚ğŸ˜‚", T, 1 0 0 0
"Yay, another hospital gown. This one has tiny little flowers on it ğŸ˜", T, 0 0 1 0
"Well lookie here..... It's not your fault, it's in your blood ğŸ˜ğŸ˜’", F, 1 0 0 0
"Why go to Vegas when I have everything I need hereğŸ˜…ğŸ˜©", F, 1 0 0 0
"just so everyone knows we supply electrical goods for this prison ğŸ‘Œ", T, 0 0 0 0
"no, don't run. Troll him and make fun of him without him realizing it ğŸ˜‚", T, 1 0 0 0
"best in speed reading without comprehension ......... ğŸ˜‚ğŸ‘", T, 0 1 0 0
"You remember what happened last time ğŸ˜’ No actually I don't, I can't recall even tho you bring it up once a day.", T, 0 0 1 0
"Thank you government for taking some of my hard earned money! ğŸ‘Œ", F, 0 1 1 0
"None of these people get very telling of cognitive deficiencies ğŸ˜• I feel", T, 0 0 1 0
"That's okay! It's not like I wanted an invite or anything! It's all cool... Not! ğŸ˜‚ ğŸ˜ ğŸ‘Œ", F, 0 1 1 1
"And I can't access the files in my e-mail because I already put it in my desktop's Archive. GOOD JOB!!!! ğŸ‘ğŸ¼ğŸ‘ğŸ¼ğŸ‘ğŸ¼", F, 0 1 0 0
"When u go to work and get called a loser ğŸ˜ŠğŸ˜ŠğŸ˜ŠğŸ˜ŠğŸ˜ŠğŸ˜ŠğŸ˜ŠğŸ˜ŠğŸ˜ŠğŸ˜ŠğŸ˜ŠğŸ˜ŠğŸ˜ŠğŸ˜ŠğŸ˜Š :) ", F, 0 1 0 1
"I have service BC I'm at my cousins house but love my back ğŸ˜…", T, 0 0 0 0
"That shitty feeling we all love so much ğŸ˜Š", F, 0 1 0 0
"1,200 Guns, 2 Tons of Ammo Found at Upscale Home ; I am sure it was for strictly recreational purposes ğŸ˜", T, 1 0 0 0
"Another night of fantastic camerawork for . Please stop the nauseating 360s and constant angle changes. ğŸ™", T, 0 0 1 0
"My day is ending how it started. ğŸ˜„", T, 1 0 0 0
"Weather report says rain Well it seems the weather is not feeling completely that way ğŸŒ‚ğŸ’â›…", T, 0 0 1 0
"Drilling outside my house early in the morning always makes me happy... ğŸ˜’", T, 0 0 1 0
"Had a shit day. Now starting a shit day ğŸ˜’ğŸ˜’", T, 0 0 1 0
"Best night ever. Like you all don't understandğŸ˜’", T, 0 0 1 0
"I knew you'd pick up on my ;)) Terri... Was great to see you ğŸ˜Š", F, 0 1 0 0
"Happy tt .......take that how you want lol or ğŸ˜‚ğŸ˜‚ğŸ˜‚", T, 0 1 0 0
"I love how everyone is texting me ğŸ˜Š", F, 0 1 0 0
"Lets hear it for being sick in the 2nd trimester ğŸ˜©", T, 0 0 1 0
"Oh boy, this is gonna be a super fun meeting. Thank God I just had a Starbucks delivery. ğŸ˜‰â˜•ï¸â¤ï¸", T, 1 0 0 0
"told you to work on your ğŸ˜œ relax... One day you will need to interview players AND owners. Think long haul bro.", T, 0 0 0 0
"Does feature the murder of a female character as a plot device to further a male narrative? Because that's SO unusual. ğŸ˜´", T, 0 0 1 0
"gotcha I could totally detect that from text ğŸ˜ not", F, 0 1 0 0
"I just love when anxiety hits and there's nothing you can do! ğŸ˜­", T, 0 0 0 1
"Getting scammed on some MJ is pretty cool.. ğŸ˜’", T, 0 0 1 0
"It's nice to see that stuff on Claire's twitterğŸ˜…", T, 0 0 1 0
"there's a difference, can't you see? It was COMFORTABLE w Hayes ğŸ˜¦", F, 0 1 0 0
"watch gypsy sisters on TLC , best ever ğŸ˜‚ğŸ˜‚ğŸ˜‚", T, 1 0 0 0
"You are SO going places with your life ğŸ‘", F, 0 1 1 1
"We are sending out children a beautiful message ğŸ‘ğŸ»", T, 0 0 1 0
"Multiple jobs interviews this week and in the mist of it all I might need surgery ğŸ˜„ oh fuck yeah", F, 0 1 0 1
"I love how much you respect me ğŸ˜ŠğŸ˜ŠğŸ˜ŠğŸ˜ŠğŸ˜ŠğŸ˜ŠğŸ˜ŠğŸ˜ŠğŸ˜ŠğŸ˜ŠğŸ˜ŠğŸ˜ŠğŸ˜ŠğŸ˜Š", F, 0 1 0 0
"There's nothing better than being stuck on a ferry ğŸ‘ğŸ¼ğŸ‘ğŸ¼", F, 0 1 0 0
"Me and have bond that no other brother and sister have. Always loving each other to the fullest â¤ï¸", T, 0 0 0 0
"The irony of you insinuating those two girls are trolls. Congratulations on your wanker ways ğŸ‘", F, 0 1 0 0
"SEVEN years in the making ğŸ™ŒğŸ¼ğŸ™ŒğŸ¼ğŸ™ŒğŸ¼ğŸ™ŒğŸ¼", T, 0 0 0 0
"Always thankful for my mom for her amazing support ğŸ‘ğŸ¼", F, 0 1 1 0
"People saying Richard Jefferson isnt done coz of his dunk last Feb...ğŸ˜‚ğŸ˜‚ğŸ˜‚ he wont be playing more than 10mins tho. Nice pickup.", T, 1 0 0 0
"Im so proud of myself for that oneğŸ˜ŠğŸ˜Š", T, 1 0 0 0
"Hey guys, great idea: why don't we just keep Avila forever? He's obviously the best player in the ALğŸ˜ğŸ‘ŒğŸ¼ğŸ”¥", F, 0 1 1 1
"Start the day right sweetie. ğŸŒğŸ™ŒğŸ˜¹ğŸˆ", T, 1 0 0 0
"Killin' his ERA-and team's. He wasn't expecting to pitch til tomorrow. Threw him off. ğŸ˜œ", T, 0 1 0 0
"Boy, this beef is right up there with Biggie & Tupac. ğŸ˜’ ğŸ˜´", T, 0 0 1 0
"I love when people do their job half way & I have to stay late, go behind them, & do their job while they go home ğŸ˜¡", T, 0 1 0 0
"I love work so much that I'm missing two concerts this week just to go to work. ğŸ˜‘", T, 0 1 0 0
"Buzzing for this First Aid course today ğŸ‘·ğŸ»", T, 0 1 0 0
"My cat's so smart she can open the door from the inside, but not the outside...even though it's exactly the same. ğŸ˜’", T, 0 0 1 0
"Figured out why white don't "riot" or protest when they get killed or do "thug@ ish...bc they're suffering from mental illness ğŸ˜’", T, 0 0 0 1
"I love getting 5 hours of sleep ğŸ‘ğŸ»", F, 0 1 0 0
"says armpit hair is not OK in new commercial I'm offended! ğŸ˜", T, 0 0 1 0
"With summer clothes on I'm enjoying the balmy 11degree weather on the deck . â„ï¸ Share your", T, 0 0 1 0
"I really know how to pick the best landlords. ğŸ”«ğŸ˜’", T, 0 0 1 0
"I love when my parents ask me what happened to a girl I talked too ğŸ˜‚", T, 0 0 1 0
"If God didn't want me to binge watch , xe wouldn't have put it on ğŸ˜œ", T, 0 0 1 0
"Man can't wait for college to startğŸ˜’", T, 0 0 1 0
"Haha that will just make it even better ğŸ˜‚ğŸ˜ğŸ˜Š", T, 0 0 1 0
"ğŸ™ˆ Ah man... Not again. I always do that.", F, 0 0 0 1
"Wow... heels on women's shoes are getting way outta control! ğŸ‘  ğŸ˜", T, 0 0 0 1
"Glad I have such great friends â˜ºï¸ besides bc he rocks", T, 0 0 1 0
"Watched ğŸ‘» The Jump-Scares were very original, unlike any other horror film.", T, 0 0 1 0
"Noche de How I met your mother, wuu ğŸ‰ğŸ‘ŒğŸ»", T, 0 0 1 0
"Ah, yes. I love going to sleep to a symphony of bird chirps and a sunrise ğŸŒ„", T, 0 0 1 0
"What another lovely summers day ğŸ˜ â˜”ï¸ I feel like I've been asleep and woke up in October!", T, 0 0 0 1
"I thought he was a country singer.. Oops ğŸ˜‚ğŸ’ğŸ½", T, 0 0 1 0
"Love having blisters at the bottom of my feet ğŸ˜’", T, 0 0 0 1
"Photo: Sometimes Iâ€™m not sure myselfâ€¦. ğŸ˜’", T, 0 0 0 1
"They are annoying as shit! Oh wait...I said shit...oh nooooo!!! How horrible of me! ğŸ˜‚", F, 0 0 1 0
"Really good weather to go to the shard today ğŸ‘ŒğŸ¼ also brilliant when hungover and dying ğŸ˜·", T, 0 0 1 0
"Nothing makes my day better than sitting watching boys play the ps4 it honestly brings me so much joyğŸ˜’ğŸ˜¡", T, 0 0 0 1
"Well that wasn't embarrassing at all! Haha ğŸ˜‚ğŸ˜‚ shocking I cannot play football at all ğŸ˜‚ğŸ˜‚", T, 0 0 1 0
"Now that I hiked up St. Mary's Glacier in CO, I'm pretty sure I'm prepared for all of these! ğŸ˜‰", T, 0 0 1 0
"Oh dear ğŸ˜† can't say out loud that I wished for a puncture for nico but...", T, 0 0 1 0
"eppsie's photo sometimes it just makes sense. ğŸ˜‚", F, 0 0 1 0
"Right bc we should really place all our faith in the HOR ğŸ˜", T, 0 0 1 0
"When you're in NC, your newly totaled car is in GA, and your family is in TNğŸ˜Š", T, 1 0 0 0
"Lol GOOD MORNING! I'm getting ready for school now ğŸ˜’ can't wait", T, 0 0 1 1
"HSC trials start today and I'm very excited ğŸ˜ŠğŸ˜ŠğŸ˜Š", T, 0 0 1 0
"Dude is mad because I'm talking shit about migos ğŸ˜‚ğŸ˜‚ğŸ˜‚", T, 1 0 0 0
"Voter registration drive training is so so fun ğŸ˜ŠğŸ˜ŠğŸ˜ŠğŸ˜ŠğŸ˜Š", T, 1 0 0 0
"Forgive me for being a believer. âœ‹ğŸ˜Œ", F, 1 0 0 0
"During the upcoming election that would be "gravy" No NOT really ğŸ˜‰", T, 0 0 1 0
"It's so nice how I make an effort and no one else does ğŸ˜¡", T, 0 1 0 0
"Like, oh my gosh. My closet is a mirror. Now I can totally post my outfits n'stuff.' ğŸ˜‘ğŸ˜‚", T, 1 0 1 0
"Hospital hours tomorrow ğŸ˜Œ gotta wake up at 6 am again. Should 've easy. Since you know. I've been waking up at 12pm. ğŸ˜­", F, 0 0 1 1
"I just got a pat down at the airport Because you know, I'm a dangerous criminal ğŸ˜", F, 1 0 0 0
"That excited for work tomorrow I can't sleep nowğŸ‘€ğŸ˜´", T, 0 0 0 0
"Just never really see guys wanting long hair.... ğŸ˜‘", T, 0 0 1 0
"There's no other place id rather be than Greek 102 on a Sunday, the last day of summer, and the day right before school starts ğŸ˜’", T, 0 0 1 1
"Why am I up so early ğŸ˜£ and of course I can't sleep now greaat", T, 0 0 0 1
"I mean yeah, let's see how tomorrow feels ğŸ» 7:30 can't come soon enough", T, 0 0 0 0
"Straight up bitch right thereğŸ˜˜ğŸ’• love it.", F, 0 1 0 0
"I like how replies to my texts ğŸ‘ğŸ»", F, 0 1 0 0
"I love when people decide to get on my phone and text the guy I like ğŸ˜€ğŸ˜€ğŸ˜€ğŸ˜€ğŸ˜€ğŸ˜€", F, 0 1 0 0
"WOW THAT WAS THE MOST ORIGINAL TWEET I HAVE EVER SEEN ğŸ˜’â™»ï¸â™»ï¸â™»ï¸â™»ï¸â™»ï¸", T, 0 0 1 0
"â€œ@gtrevel: Good looking week ahead ğŸ˜³ğŸ˜³ğŸ˜³ğŸ˜³ğŸ˜³ ğŸ˜‚", F, 1 0 0 0
"Yay my wisdom teeth are coming in ğŸ˜’", T, 0 0 1 0
"Xbox Live is down again ğŸ˜¨ I'm completely shocked ğŸ˜± ğŸ˜‚", F, 1 0 0 0
"I've had a migraine since 1am...it keeps getting worse. Wonderful start to Monday. ğŸ˜”", T, 0 0 1 1
"Oh how I love closing and then opening the next day ğŸ‘", F, 0 1 0 0
"I sure know how to pick em' whateva ğŸ˜‡", F, 0 1 0 0
"This Monday started off great and is continuing to get better ğŸ˜’", F, 0 1 1 0
"Yep. Why put up James closest Ally when you can get out someone who is desperate to be your (&amp; Liz's) LapdogğŸ˜", F, 0 1 1 0
"Wow you tweeted me back, wish come true ğŸ˜¢ğŸ”«. Good luck supporting/helping other bands out... Great peeps you are", F, 1 0 0 0
"Best birthday gift so far, seeing how much I owe in tuition for the fall semester. ğŸ˜…", T, 0 0 1 1
"Could barely keep my eyes open on the drive home now I can't sleep ğŸ˜‘ğŸ˜’ Yeah, that's not annoying at all.", T, 0 1 1 1
"Can't access google over SLT internet connections today onwards. ğŸ˜‚ğŸ˜‚ğŸ˜‚", F, 0 0 1 0
"ğŸ˜³Because building an emotionless killing machine is ALWAYS a good idea!", T, 0 0 1 0
"Nothing better than the sound of your hip popping in the morning ğŸ˜„", F, 0 0 0 0
"2:00 am and still NO sleep ğŸ˜³...awesome!!! ğŸ‘", F, 0 0 1 1
"Only niggas kill, right? Black on black crime is the real issue too, right? ğŸ˜‘ğŸ˜’", T, 0 0 1 1
"Goodness gracious, if this isn't on point I'm not sure what is ğŸ‘Œ", T, 0 0 0 0
"Gun Violence Stats?ğŸ˜’ They're just numbers are higher than any other modern country. What does that prove? wit your numbers", T, 0 0 1 0
"Thank you Tuesday morning for this wonderful headache you have blessed me with ğŸ˜¡", T, 0 1 1 1
"Thank you sun, it's always been my dream to faint because of heat exhaustion ğŸ˜’ğŸŒ", T, 0 0 1 1
"Slumbertime musings. Cheers to all aliens! ğŸ˜†", T, 1 0 0 0
"Can't wait to read my new book ğŸ˜‚ ğŸ˜œ", T, 1 0 0 0
"Another day in Texas paradise 100 degrees of pure funâ˜€ï¸", F, 0 1 0 1
"The dudes in the Blue Devils' drum line have some cute tan lines. ğŸ™…ğŸ¼â˜€ï¸", T, 0 0 0 0
"lol ğŸ˜ I'm not a fan of hard buttons ğŸ”«", T, 1 0 0 0
"Lunch was amazing today ğŸ™ˆ thanksssssss", F, 0 0 1 0
"Nothing to see here people! ğŸ˜³ğŸ˜³ islam ain't dangerous", T, 0 0 1 0
"At training camp, I walk up and is intercepted by Therefore the season is DOOMED ğŸ’¥", T, 0 0 1 0
"I absolutely love when Twitter stops loading ğŸ˜", F, 0 1 1 1
"You don't want to be the guy how makes the 3rd out with Capuno. ğŸ˜”", T, 0 0 0 1
"OMG CONVERSE CAME OUT WITH A SHOE THATS MORE COMFORTABLE!? LETS ALL GO NUT! ğŸ˜‘ğŸ˜‘ğŸ˜‘ğŸ˜‘ Why'd it take so long? That's all IM wondering.", T, 0 0 1 0
"This made me cackle. Stole it from Pinterest ğŸ˜†", T, 1 0 0 0
"Guess you didn't apply your own theory to my response. ğŸ˜‚ğŸ˜‚", T, 1 0 0 0
"Capuno gives walking a bad name. He'll IM driving all over the place now ğŸ˜•", T, 0 0 1 1
"For we, fangirls &amp; stalkers, rule! ğŸ˜ˆ", T, 0 0 0 0
"I love that my dad can like my Facebook pictures but can't call, message, text, or speak to me? It's fucking fantastic. ğŸ‘ğŸ½ğŸ‘ŒğŸ½", F, 0 1 1 0
"why r u flickering my follower Making me think I lost Giving me anxiety. ğŸ˜‚", T, 1 0 1 0
"1. could have been used to make it obvious. 2. Hercules minus naked part killed lion with bare hands ğŸ˜‰", F, 0 1 1 0
"Because doesn't have better things to deal with. Proud to live in this county ğŸ˜’", T, 0 1 1 1
"aaah sungmean but Im always nice!! ğŸ˜…ğŸ˜ŠğŸ’™ğŸ’™ I thought that u already know that my artist.. lol ğŸ˜‚ğŸ˜‚", F, 0 1 0 0
"Omfg you whore you kissed one guy!! ğŸ˜·", T, 0 1 0 0
"I just love when someone uses me to do their assignments, not! Do you know how long that took me. FUDGE DO THEM YOURSELVES! ğŸ‘ŠğŸ‘", T, 0 1 0 0
"Tips for being hot: 1. Be me, that and only that. HAHA. ğŸ˜‚ğŸ˜‚ğŸ˜‚ğŸ˜‚", T, 1 0 0 0
"how much "air" do they need?! Or will Brady deflate that too?! ğŸ˜‚", T, 1 0 0 0
"Cause were just really serious people... ğŸ˜", T, 1 0 0 0
"Oh yes! ğŸ˜ though! That kind defines me!", T, 1 0 0 0
"Oh good, I was hoping it'd be super hot again today ğŸ˜", T, 0 0 1 0
"Gotta love the orange line â¤ï¸ good morning DC", T, 0 0 0 0
"Bahaha yah, pretty muchğŸ˜‚ğŸ˜‚ fuck_your_ecards ãƒ»ãƒ»ãƒ»", F, 0 1 0 0
"Because the UK is known for their good coffee *shakes head* ğŸ˜", T, 1 0 0 0
"Lol that's part of being human, its not sin... ğŸ˜‚ he came To show us how.. That's a great example", T, 1 0 0 0
"Things just keep getting better ğŸ˜€ğŸ˜’ if it ain't one thing it's another I swear.", F, 0 0 1 1
"Aww what a sweet Instagram post that continues to be full of shitâ˜ºï¸ guys like you are my favğŸ˜", F, 0 1 0 1
"No Jude stop being a rebel within a subculture that praises nonconformity ğŸ˜‚ You are messing it all up.", T, 1 0 0 0
"My favorite kind of friend is the ones who only come around when they need something...yeah those people are awesome ğŸ‘ğŸ¼ğŸ˜’âœŒğŸ¼ï¸", T, 0 0 1 0
"Just watched the interview, found it hilarious, lighten up America don't take things so serious ğŸ˜‚", T, 1 0 0 0
"Go for a run twice... Get shin splints ğŸ˜­ there goes my marathon training", T, 0 0 1 1
"Office work, checking supplies &amp; getting bills together. Lâ™¥VE the end of the month and it's going to be â˜¼ 90Â° F this weekend!", F, 0 1 0 1
"Because, totally, my 42 hips look glorious in bootcut/flares yet horrible in skinny jeans... ğŸ˜‘ğŸ˜‘ğŸ˜’ğŸ˜’", T, 0 0 1 0
"Tempat simpan dokumen. Game start! Epic! ğŸ‘ğŸ‘ğŸ‘", T, 0 0 0 0
"Stop fixing what isn't broken, aka Golf ğŸ˜’", T, 0 0 1 0
"Because 15 degree inclines are everywhere ğŸ˜‚ğŸ˜‚ğŸ˜‚", T, 1 0 0 0
"Wow the library parking lot should not be filled up already ğŸ˜­ğŸ’€", T, 0 0 1 1
"Rendering my video that was suppose to come out on Monday. ğŸ˜£ Should be up soon", T, 0 0 1 1
"Nearly 10pm here, late night drink hype âœˆ âœˆ nightdrink", T, 0 0 0 0
"Stay away from drugs or you may end up like this tard spa king a tree. ğŸ‘‹ğŸ»ğŸš«â‰ï¸ğŸ‘‹ğŸ»ğŸš«â‰ï¸", T, 0 1 0 0
"Late dinner with UPH Choir at Semarang Food Square MedanğŸ˜‹", T, 1 0 0 0
"Global market crash will not last long...ğŸ˜³ğŸ˜³ After all...it is made in China..â˜ºâ˜º", F, 1 0 0 0
"ğŸ˜€I got all A's in my music classes 4xA = Happy Me ğŸ˜€ It is Too to in", T, 1 0 0 0
"ğŸ¼ Closer To You | Mousse T. Lovevirds.", T, 0 0 0 0
"Lovely dog walk with the girls....â¤ï¸â¤ï¸â¤ï¸ğŸ¶ğŸ¶ğŸ¶", T, 0 0 0 0
"OMG! I'm just dying! ğŸ˜‚ ğŸ˜‚ ğŸ˜‚ I with Theo Hutchcraft ğŸ˜‚ ğŸ˜‚ ğŸ˜‚", F, 0 1 0 0
"umm...Thank you for the introduction bro. HOW the Fuck am I to this? ğŸ˜®ğŸ˜¯ğŸ˜ğŸ˜‘ğŸ˜’ Just like I was late to following you 1stğŸ˜¢ğŸ˜­", T, 0 1 1 1
"and are vital to the of any man. ğŸ’¯ Hartford/ Bloomfield Cityâ€¦", T, 0 0 0 0
"The TRUMP sign on his podium right now has the T blocked by someone's head rendering it just RUMPğŸ˜‚ğŸ˜‚#donaldtrump", F, 0 1 0 0
"Donald Trump states his favorite book is the Bible. ğŸ˜‚ğŸ˜‚ğŸ˜‚ğŸ˜‚#yeahright", F, 0 1 0 0
"ğŸ˜‚ğŸ˜‚ğŸ˜‚ğŸ˜‚ SAY NO TO DRUGS... Except WeedğŸ That's What GOD Made Lol", F, 0 1 0 0
"Photo: The type of sh*t that eases my mind. Thank you Most High ğŸ™ğŸ½", T, 0 0 0 0
"Because Deana calls my dog poochie like I doğŸ˜‚âœŒğŸ¼ï¸", T, 1 0 0 0
"been getting up for work at 5 for over a year now and never slept in once...until today ğŸ˜³ğŸ˜©", T, 0 1 1 1
"Happy Birthday BROSKI hope you had a good one man ğŸ™ŒğŸ¼ğŸ‘ŒğŸ¼", T, 1 0 0 0
"Our world needs healing! Sending & to Everyone! ğŸ™â¤ï¸ğŸ™Œ", T, 0 0 0 0
"ğŸ˜‚ğŸ˜‚ Follow me on SnapChat GorgeousBebe12", T, 1 0 0 0
"Remembering the idol of and on her birth anniversary. ğŸ™ğŸ™", T, 0 0 0 0
"Concerned about this tomato? Find out what happened here ğŸ˜±ğŸ…ğŸ”ªhttps://t.co/bknhPsdFJI", F, 1 0 0 0
"ğŸ˜‚ that's good, walking into the office with a smile.", T, 1 0 0 0
"Peace out y'all!!!!! Stay happy peepsğŸ˜‰", T, 1 0 0 0
"Good morning to alll!!!! Happy Wednesday ğŸ˜ŠğŸ˜š âœŒğŸ’", T, 1 0 0 0
"A boss with no is like a job that's no fun." âœ” âœ” âœ” âœ” âœ”", T, 0 0 1 0
"I can't speak but I can I can't but I on I don't like but I luv ğŸ’œğŸ’œ", T, 0 0 0 0
"Diet Tip For The Day..........ğŸ˜ğŸ‘™ğŸ’ª", T, 1 0 0 0
"Music drowns out the thoughts in my head when they become to loud ğŸ§", T, 0 0 0 0
"Yes Yes Yes!!!!! This is so me this morning ğŸ˜–ğŸ˜–", T, 0 0 1 1
"ğŸ˜œğŸ˜ğŸ‡¯ğŸ‡µâœˆ Funny & cute warning label at Kansai Int'l Airport!", T, 1 0 0 0
"If you pull out in front of me and then poke best believe I'm going to ride your bumper! ğŸ˜¡", T, 0 1 0 0
"Jazzman Count Basie serenading Graf (Count in German) Â©ChuckFishman1979,2015", T, 0 0 0 0
"Having a balanced breakfast! I â¤ï¸ Then working on the master plan.", T, 1 0 0 0
"Gâ˜•ï¸â˜•ï¸D Mâ˜•ï¸RNING! Happy it's Wednesday..still going 2 drink COFFEE 4 a small army! â˜•ï¸â¤ï¸ğŸ˜Š", T, 1 0 0 0
"I can't breathe! ğŸ˜‚ğŸ˜‚ğŸ˜‚ğŸ˜‚ laugh_genius with repostapp.", F, 0 1 0 0
"My moms the type of mom that if her house is dirty she won't take you to school until it is ğŸ˜´", F, 1 1 0 0
"Everyday with him is a blessing ğŸ˜ğŸ˜‚", T, 1 0 0 0
"Bitches.....âœ‹ğŸ‘ who can relate ???", T, 0 1 1 0
"ğŸ˜‚ğŸ˜‚ğŸ˜‚ğŸ˜‚ğŸ˜‚ you don't have to comment ladies, it's ok....", T, 1 0 0 0
"Beware of Bums dressed in designer clothing. ğŸ˜‚ğŸ˜‚ğŸ˜‚ğŸ˜‚", T, 1 0 0 0
"Maxine's Wisdom . . . Could your stress be diet related ... â‰ï¸ ğŸ˜€", T, 1 0 0 0
"I'll just leave this right here ... ğŸ˜", T, 1 0 0 0
"Apparently nolita lost every order scheduled for 12:30 pickup. How fun. ğŸ˜“", T, 0 1 1 1
"Missing this son of a bitch... I mean literally ğŸ˜‚ HAPPY NATIONAL ğŸ¶ DAY SHADSKY!", T, 1 0 0 0
"Zoella is definitely my queen â™¥ â™¥ I love her . She makes my life better â™¥", T, 0 0 0 0
"ğŸ˜ˆ "May the forces of evil become confused on the way to your house." George Carlin", T, 1 0 0 0
"big boy holding his bottle he has to stop getting big so fast ğŸ˜¢", T, 0 0 0 1
"Dead Dog Down ğŸ˜‚ğŸ˜‚ğŸ˜‚ Accidentally Hit A Dog. ğŸ™ŒğŸ¼ğŸ™ŒğŸ¼ğŸ™ŒğŸ¼", F, 0 1 0 1
"We love the in this Nice .@adamsoutdoor! ğŸ‘ ğŸ˜„", T, 1 0 0 0
"Loving these dance videos Pastor has posted on FB and Twitter! ğŸ˜„ğŸ˜„ğŸ˜„ğŸ˜„", T, 1 0 0 0
"Where Do Babies Come From? --That's what I call Humor. Nice Read! via ğŸ˜ƒğŸ˜ƒ", T, 1 0 0 0
"I'll have you know more happens on his block than mine ğŸ‘ŠğŸ¼ pigs there all time ğŸ·ğŸ·", T, 0 1 0 0
"Living with a toddler? Here's the realityğŸ˜‚", T, 1 0 0 0
"Some people are just not meant to be a part of your life. âœŒğŸ¼ï¸", F, 0 1 0 0
"We pray for peaceğŸ”¸and everything returns to its river flow...", T, 0 0 0 0
"I hate guns. I generally like people. Not keen with people having guns. âœŒ", T, 0 0 0 0
"1âƒ£â•2âƒ£â•3âƒ£ â• peanut butter = my tonight...LOL ğŸ˜‚", T, 1 0 0 0
"Goodnight my most excellent friend. âœŒï¸ğŸ˜´ğŸŒŸ", T, 0 0 0 0
"Guess what time it is!? ğŸ˜‚ğŸ˜œ Try to say it without singing it!", T, 1 0 0 0
"It's my daughters first taster day at nursery tomorrow I can't sleep I'm so excited ğŸ˜‚ğŸ™Š", T, 1 0 0 0
"ğŸ’—âœ¨ğŸŒˆâœ¨ğŸ’—âœ¨ğŸŒˆâœ¨ğŸ’—âœ¨ğŸŒˆâœ¨ğŸ’—âœ¨ğŸŒˆâœ¨ğŸ’— good morningğŸ’•ğŸ’•ğŸ’•with loving playing one of my most favorite songs^^ğŸ’‹ğŸ’•ğŸ’•ğŸ’• ğŸ’—âœ¨ğŸŒˆâœ¨ğŸ’—âœ¨ğŸŒˆâœ¨ğŸ’—âœ¨ğŸŒˆâœ¨ğŸ’—âœ¨ğŸŒˆâœ¨ğŸ’—", T, 0 0 0 0
"Set of mind as your highest goal, and organize your life around it." -Brian Tracy ğŸ™âœ¨ğŸ’œâ€¦", T, 0 0 0 0
"Want to know "Who is in charge?" Find out â© âª ğŸ‘‰ğŸ‘‰ Find and in ^JB", T, 0 0 0 0
"Never stray from the good vibes...âœŒğŸ»ï¸#motivation", T, 0 0 0 0
"in by that'd be us on a in "my fellow human beings"! ğŸŒâœŒï¸", T, 0 0 0 0
"I love RED, because to me it represents MORE than just LOVE. Just a quote I made up while dancing âœŒ", T, 0 0 0 0
"National dog day n missin my bad ass bitches :,( â¤ï¸ğŸ’”ğŸ’”ğŸ’”", T, 0 1 0 1
"Everything is going to be ok....in fact it already is ğŸ˜Š & keep listening to "to Zion" so dope ğŸ˜", T, 1 0 0 0
"âœ "I am constantly amazed by Tina Fey. And I am Tina Fey." Tina Fey", T, 0 0 0 0
"Oh corrupting my daughter with this ğŸ˜‚ğŸ˜­ğŸ™ˆ", F, 1 1 0 0
"Want to know "Who is in charge?" Find out â© âª ğŸ‘‰ğŸ‘‰ Find and in ^JB", T, 0 0 0 0
"[NEWS] GD with Kiko is broke up so coming soon "GD and Raline Shah" Indonesian artist ğŸ˜„ lol", T, 1 0 0 0
"What are you doing to improve your world? ğŸŒğŸŒğŸŒğŸŒ¹â¤âœŒ", T, 0 0 0 0
"Stay silent.. n the haters ain't gonna come next time!! ğŸ™ğŸ™ğŸ™ğŸ™ n", T, 0 0 0 0
"This is a outfit I designed on Polyvore ğŸ’ğŸ’ğŸ’ğŸ’ğŸ’", T, 1 0 0 0
"See the well absolute minimum quietly away re I'm online? I did, I always do! Re's D ğŸ‘‰âŒ›ï¸ğŸŒâœŒï¸", T, 0 0 0 0
"in by that'd be us on a in "my fellow human beings"! ğŸŒâœŒï¸", T, 0 0 0 0
"â¤ï¸ your passion new sound Close your eyes and feel your passion", T, 1 0 0 0
"Off to bed... Goodnight y'all! ğŸ’¤ğŸ˜´ğŸŒœ", T, 1 0 0 0
"what I see ([all around]) me I feel we do minimum if we are going to turn around & say we do what we do for them! You? ğŸŒâœŒï¸", T, 0 0 0 0
"Any thoughts as to I'm saying to tonight re this one "my fellow human beings"? Regards D outta here gone ğŸ‘‰âŒ›ï¸ğŸŒâœŒï¸ğŸ‘ğŸ”‘ğŸ”“ğŸŒ±", T, 0 0 0 0
"I love our world. People are good! ğŸ˜„", T, 1 0 0 0
"Philippians 4-4-8 is giving me life right now ğŸ™Œ", T, 1 0 0 0
"I was about to tweet something very negative but then remembered good vibes only âœŒğŸ¼ï¸", T, 0 0 0 0
"Learning the art of letting go is important ğŸ™", T, 0 0 0 0
"ğŸ· â€œEven if youâ€™re on the right track, youâ€™ll get run over if you just sit there.â€ Will Rogers", T, 0 0 0 0
"Good night World...#beach to y'all ğŸ™ğŸ»ğŸ˜´ğŸ’¤ The Beach", T, 1 0 0 0
"ğŸ’¥ğŸ‘ŠğŸ¼ Alone in the gym ğŸ’¥ğŸ’ªğŸ¼ğŸ˜œ doing my cardio biking ğŸ˜…ğŸ’¦ğŸ’¦ğŸš´ğŸ¼ and you guys?! âœŒğŸ¼ï¸enjoy your day ! ğŸ™ğŸ¼ğŸŒâ€¦", T, 1 0 0 0
"Can't forget little mama â˜ºï¸ Wokcano Santa Monica", T, 1 0 0 0
"everything's gonna be alright.. ğŸ™ŒğŸ™ŒğŸ™ŒğŸ˜°ğŸ˜°ğŸ˜°ğŸ‘¯", T, 1 0 0 0
"To this cute customised beanie ğŸ’™ğŸ’›â¤ï¸", T, 1 0 0 0
"Ready to celebrate my 21st ! ğŸ˜ğŸ˜ğŸ‰ğŸˆğŸŠğŸ‚ğŸ’¥ğŸâ¤ï¸", T, 1 0 0 0
"ğŸ‚ğŸƒ Find your Inner FAE with ~ Link in Profile to SHOP", T, 0 0 0 0
"Good SUNSHINE morning everyone! â˜ï¸â˜€ï¸â›…ï¸ğŸ‚ğŸƒğŸ™ŒğŸ¼ğŸ˜ŠğŸ˜‰", T, 1 0 0 0
"Insta I never thought that even ill have oneğŸ˜Š feather for life", F, 0 1 1 0
"Hello world!How we live this new day,is how we live our life!What we choose to think is what we will get in real! â¤ï¸ğŸŒ¹", T, 1 0 0 0